"Product ID","Product Type",Code,Name,Brand,Description,"Cost Price","Retail Price","Sale Price","Calculated Price","Fixed Shipping Price","Free Shipping",Warranty,Weight,Width,Height,Depth,"Allow Purchases","Product Visible","Product Availability","Product Inventoried","Stock Level","Low Stock Level","Date Added","Date Modified","Category Details",Images,"Page Title","META Keywords","META Description","Product Condition","Product URL","Redirect Old URL?","Product Tax Code","Product Custom Fields"
112,P,GOLU102,traditional-dolls,MelGoluDolls,"Golu dolls made with paper mache, clay and fibreglass directly from the manufacturer and sell with reasonable cost. Decorate this Navarathri with Unique collections of Golu Dolls available at MelGoluDolls. Purchase immediately before the stock gets sold. Happy Navrathri Shopping!",15.00,15.00,15.00,15.00,0.0000,N,,0.0000,0.0000,0.0000,0.0000,Y,Y,"In Stock",N,35,0,21/09/2020,21/09/2020,"Category Name: MelGoludolls, Category Path: MelGoludolls","Product Image File: WhatsAppImage2020-09-16at6.37.58PM_14__56506.jpg, Product Image URL: http://madrasclub.com.au/product_images/a/434/WhatsAppImage2020-09-16at6.37.58PM_14__56506.jpg|Product Image File: WhatsAppImage2020-09-16at6.37.58PM_15__02671.jpg, Product Image URL: http://madrasclub.com.au/product_images/z/959/WhatsAppImage2020-09-16at6.37.58PM_15__02671.jpg",,,,New,/traditional-dolls/,,,
113,P,GOLU103,key-chain-dolls,MelGoluDolls,"Golu dolls made with paper mache, clay and fibreglass directly from the manufacturer and sell with reasonable cost. Decorate this Navarathri with Unique collections of Golu Dolls available at MelGoluDolls. Purchase immediately before the stock gets sold. Happy Navrathri Shopping!",10.00,10.00,10.00,10.00,0.0000,N,,0.0000,0.0000,0.0000,0.0000,Y,Y,"In Stock",Y,30,0,21/09/2020,16/10/2020,"Category Name: MelGoludolls, Category Path: MelGoludolls","Product Image File: WhatsAppImage2020-09-16at6.37.58PM_13__38386.jpg, Product Image URL: http://madrasclub.com.au/product_images/h/692/WhatsAppImage2020-09-16at6.37.58PM_13__38386.jpg|Product Image File: Soldout__04872.jpg, Product Image URL: http://madrasclub.com.au/product_images/q/336/Soldout__04872.jpg",,,,New,/key-chain-dolls/,,,
114,P,GOLU104,small-dolls-for-show-piece,MelGoluDolls,"Golu dolls made with paper mache, clay and fibreglass directly from the manufacturer and sell with reasonable cost. Decorate this Navarathri with Unique collections of Golu Dolls available at MelGoluDolls. Purchase immediately before the stock gets sold. Happy Navrathri Shopping!",10.00,10.00,10.00,10.00,0.0000,N,,0.0000,0.0000,0.0000,0.0000,Y,Y,"In Stock",N,35,0,21/09/2020,21/09/2020,"Category Name: MelGoludolls, Category Path: MelGoludolls","Product Image File: WhatsAppImage2020-09-16at6.37.58PM_12__60856.jpg, Product Image URL: http://madrasclub.com.au/product_images/e/774/WhatsAppImage2020-09-16at6.37.58PM_12__60856.jpg",,,,New,/small-dolls-for-show-piece/,,,
115,P,GOLU105,wall-hooks,MelGoluDolls,"Golu dolls made with paper mache, clay and fibreglass directly from the manufacturer and sell with reasonable cost. Decorate this Navarathri with Unique collections of Golu Dolls available at MelGoluDolls. Purchase immediately before the stock gets sold. Happy Navrathri Shopping!",20.00,20.00,20.00,20.00,0.0000,N,,0.0000,0.0000,0.0000,0.0000,Y,Y,"In Stock",N,2,0,21/09/2020,21/09/2020,"Category Name: MelGoludolls, Category Path: MelGoludolls","Product Image File: WhatsAppImage2020-09-16at6.37.58PM_11__45794.jpg, Product Image URL: http://madrasclub.com.au/product_images/s/563/WhatsAppImage2020-09-16at6.37.58PM_11__45794.jpg",,,,New,/wall-hooks/,,,
116,P,GOLU106,small-dolls-show-piece,MelGoluDolls,"Golu dolls made with paper mache, clay and fibreglass directly from the manufacturer and sell with reasonable cost. Decorate this Navarathri with Unique collections of Golu Dolls available at MelGoluDolls. Purchase immediately before the stock gets sold. Happy Navrathri Shopping!",10.00,10.00,10.00,10.00,0.0000,N,,0.0000,0.0000,0.0000,0.0000,Y,Y,"In Stock",N,30,0,21/09/2020,21/09/2020,"Category Name: MelGoludolls, Category Path: MelGoludolls","Product Image File: WhatsAppImage2020-09-16at6.37.58PM_10__36359.jpg, Product Image URL: http://madrasclub.com.au/product_images/w/471/WhatsAppImage2020-09-16at6.37.58PM_10__36359.jpg",,,,New,/small-dolls-show-piece/,,,
117,P,GOLU107,flower-basket,MelGoluDolls,"Golu dolls made with paper mache, clay and fibreglass directly from the manufacturer and sell with reasonable cost. Decorate this Navarathri with Unique collections of Golu Dolls available at MelGoluDolls. Purchase immediately before the stock gets sold. Happy Navrathri Shopping!",15.00,15.00,15.00,15.00,0.0000,N,,0.0000,0.0000,0.0000,0.0000,Y,Y,"In Stock",N,12,0,21/09/2020,21/09/2020,"Category Name: MelGoludolls, Category Path: MelGoludolls","Product Image File: WhatsAppImage2020-09-16at6.37.58PM_9__17432.jpg, Product Image URL: http://madrasclub.com.au/product_images/v/613/WhatsAppImage2020-09-16at6.37.58PM_9__17432.jpg",,,,New,/flower-basket/,,,
118,P,GOLU108,hanging-elephant,MelGoluDolls,"Golu dolls made with paper mache, clay and fibreglass directly from the manufacturer and sell with reasonable cost. Decorate this Navarathri with Unique collections of Golu Dolls available at MelGoluDolls. Purchase immediately before the stock gets sold. Happy Navrathri Shopping!",15.00,15.00,15.00,15.00,0.0000,N,,0.0000,0.0000,0.0000,0.0000,Y,Y,"In Stock",N,2,0,21/09/2020,21/09/2020,"Category Name: MelGoludolls, Category Path: MelGoludolls","Product Image File: WhatsAppImage2020-09-16at6.37.58PM_8__58987.jpg, Product Image URL: http://madrasclub.com.au/product_images/b/265/WhatsAppImage2020-09-16at6.37.58PM_8__58987.jpg",,,,New,/hanging-elephant/,,,
119,P,GOLU109,fancy-diary,MelGoluDolls,"Golu dolls made with paper mache, clay and fibreglass directly from the manufacturer and sell with reasonable cost. Decorate this Navarathri with Unique collections of Golu Dolls available at MelGoluDolls. Purchase immediately before the stock gets sold. Happy Navrathri Shopping!",15.00,15.00,15.00,15.00,0.0000,N,,0.0000,0.0000,0.0000,0.0000,Y,Y,"In Stock",N,10,0,21/09/2020,21/09/2020,"Category Name: MelGoludolls, Category Path: MelGoludolls","Product Image File: WhatsAppImage2020-09-16at6.37.58PM_7__78841.jpg, Product Image URL: http://madrasclub.com.au/product_images/i/201/WhatsAppImage2020-09-16at6.37.58PM_7__78841.jpg",,,,New,/fancy-diary/,,,
120,P,GOLU110,peacock-show-piece,MelGoluDolls,"Golu dolls made with paper mache, clay and fibreglass directly from the manufacturer and sell with reasonable cost. Decorate this Navarathri with Unique collections of Golu Dolls available at MelGoluDolls. Purchase immediately before the stock gets sold. Happy Navrathri Shopping!",15.00,15.00,15.00,15.00,0.0000,N,,0.0000,0.0000,0.0000,0.0000,Y,Y,"In Stock",N,3,0,21/09/2020,07/10/2020,"Category Name: MelGoludolls, Category Path: MelGoludolls","Product Image File: WhatsAppImage2020-09-16at6.37.58PM_6__32011.jpg, Product Image URL: http://madrasclub.com.au/product_images/n/647/WhatsAppImage2020-09-16at6.37.58PM_6__32011.jpg",,,,New,/peacock-show-piece/,,,
121,P,GOLU111,fancy-slim-bags,MelGoluDolls,"Golu dolls made with paper mache, clay and fibreglass directly from the manufacturer and sell with reasonable cost. Decorate this Navarathri with Unique collections of Golu Dolls available at MelGoluDolls. Purchase immediately before the stock gets sold. Happy Navrathri Shopping!",15.00,15.00,15.00,15.00,0.0000,N,,0.0000,0.0000,0.0000,0.0000,Y,Y,"In Stock",N,20,0,21/09/2020,21/09/2020,"Category Name: MelGoludolls, Category Path: MelGoludolls","Product Image File: WhatsAppImage2020-09-16at6.37.58PM_5__28074.jpg, Product Image URL: http://madrasclub.com.au/product_images/q/931/WhatsAppImage2020-09-16at6.37.58PM_5__28074.jpg",,,,New,/fancy-slim-bags/,,,
122,P,GOLU112,show-piece-pots,MelGoluDolls,"Golu dolls made with paper mache, clay and fibreglass directly from the manufacturer and sell with reasonable cost. Decorate this Navarathri with Unique collections of Golu Dolls available at MelGoluDolls. Purchase immediately before the stock gets sold. Happy Navrathri Shopping!",20.00,20.00,20.00,20.00,0.0000,N,,0.0000,0.0000,0.0000,0.0000,Y,Y,"In Stock",N,1,0,21/09/2020,21/09/2020,"Category Name: MelGoludolls, Category Path: MelGoludolls","Product Image File: WhatsAppImage2020-09-16at6.37.58PM_3__82922.jpg, Product Image URL: http://madrasclub.com.au/product_images/l/740/WhatsAppImage2020-09-16at6.37.58PM_3__82922.jpg",,,,New,/show-piece-pots/,,,
123,P,GOLU113,hand-designed-diary,MelGoluDolls,"Golu dolls made with paper mache, clay and fibreglass directly from the manufacturer and sell with reasonable cost. Decorate this Navarathri with Unique collections of Golu Dolls available at MelGoluDolls. Purchase immediately before the stock gets sold. Happy Navrathri Shopping!",15.00,15.00,15.00,15.00,0.0000,N,,0.0000,0.0000,0.0000,0.0000,Y,Y,"In Stock",N,10,0,21/09/2020,21/09/2020,"Category Name: MelGoludolls, Category Path: MelGoludolls","Product Image File: WhatsAppImage2020-09-16at6.37.58PM_4__38717.jpg, Product Image URL: http://madrasclub.com.au/product_images/y/600/WhatsAppImage2020-09-16at6.37.58PM_4__38717.jpg",,,,New,/hand-designed-diary/,,,
124,P,GOLU114,hand-designed-horse,MelGoluDolls,"Golu dolls made with paper mache, clay and fibreglass directly from the manufacturer and sell with reasonable cost. Decorate this Navarathri with Unique collections of Golu Dolls available at MelGoluDolls. Purchase immediately before the stock gets sold. Happy Navrathri Shopping!",10.00,10.00,10.00,10.00,0.0000,N,,0.0000,0.0000,0.0000,0.0000,Y,Y,"In Stock",N,1,0,21/09/2020,07/10/2020,"Category Name: MelGoludolls, Category Path: MelGoludolls","Product Image File: WhatsAppImage2020-09-16at6.37.58PM_2__01355.jpg, Product Image URL: http://madrasclub.com.au/product_images/q/788/WhatsAppImage2020-09-16at6.37.58PM_2__01355.jpg",,,,New,/hand-designed-horse/,,,
125,P,GOLU115,hand-designed-elephant,MelGoluDolls,"Golu dolls made with paper mache, clay and fibreglass directly from the manufacturer and sell with reasonable cost. Decorate this Navarathri with Unique collections of Golu Dolls available at MelGoluDolls. Purchase immediately before the stock gets sold. Happy Navrathri Shopping!",10.00,10.00,10.00,10.00,0.0000,N,,0.0000,0.0000,0.0000,0.0000,Y,Y,"In Stock",N,2,0,21/09/2020,07/10/2020,"Category Name: MelGoludolls, Category Path: MelGoludolls","Product Image File: WhatsAppImage2020-09-16at6.37.58PM_1__09682.jpg, Product Image URL: http://madrasclub.com.au/product_images/i/566/WhatsAppImage2020-09-16at6.37.58PM_1__09682.jpg",,,,New,/hand-designed-elephant/,,,
126,P,GOLU116,dolls,MelGoluDolls,"Golu dolls made with paper mache, clay and fibreglass directly from the manufacturer and sell with reasonable cost. Decorate this Navarathri with Unique collections of Golu Dolls available at MelGoluDolls. Purchase immediately before the stock gets sold. Happy Navrathri Shopping!",13.20,13.20,13.20,13.20,0.0000,N,,0.0000,0.0000,0.0000,0.0000,Y,Y,"In Stock",Y,15,0,21/09/2020,16/10/2020,"Category Name: MelGoludolls, Category Path: MelGoludolls","Product Image File: WhatsAppImage2020-09-16at6.37.58PM__41153.jpg, Product Image URL: http://madrasclub.com.au/product_images/q/834/WhatsAppImage2020-09-16at6.37.58PM__41153.jpg|Product Image File: Soldout__15174.jpg, Product Image URL: http://madrasclub.com.au/product_images/a/097/Soldout__15174.jpg",,,,New,/dolls/,,,
127,P,GOLU117,kumkum-box,MelGoluDolls,"Golu dolls made with paper mache, clay and fibreglass directly from the manufacturer and sell with reasonable cost. Decorate this Navarathri with Unique collections of Golu Dolls available at MelGoluDolls. Purchase immediately before the stock gets sold. Happy Navrathri Shopping!",20.00,20.00,20.00,20.00,0.0000,N,,0.0000,0.0000,0.0000,0.0000,Y,Y,"In Stock",N,2,0,21/09/2020,21/09/2020,"Category Name: MelGoludolls, Category Path: MelGoludolls","Product Image File: WhatsAppImage2020-09-16at6.37.57PM_1__70244.jpg, Product Image URL: http://madrasclub.com.au/product_images/q/791/WhatsAppImage2020-09-16at6.37.57PM_1__70244.jpg",,,,New,/kumkum-box/,,,
128,P,GOLU118,small-bag,MelGoluDolls,"Golu dolls made with paper mache, clay and fibreglass directly from the manufacturer and sell with reasonable cost. Decorate this Navarathri with Unique collections of Golu Dolls available at MelGoluDolls. Purchase immediately before the stock gets sold. Happy Navrathri Shopping!",15.00,15.00,15.00,15.00,0.0000,N,,0.0000,0.0000,0.0000,0.0000,Y,Y,"In Stock",N,10,0,21/09/2020,21/09/2020,"Category Name: MelGoludolls, Category Path: MelGoludolls","Product Image File: WhatsAppImage2020-09-16at6.37.57PM__78098.jpg, Product Image URL: http://madrasclub.com.au/product_images/i/118/WhatsAppImage2020-09-16at6.37.57PM__78098.jpg",,,,New,/small-bag/,,,
129,P,GOLU120,cloth-bags,MelGoluDolls,"Golu dolls made with paper mache, clay and fibreglass directly from the manufacturer and sell with reasonable cost. Decorate this Navarathri with Unique collections of Golu Dolls available at MelGoluDolls. Purchase immediately before the stock gets sold. Happy Navrathri Shopping!",15.00,15.00,15.00,15.00,0.0000,N,,0.0000,0.0000,0.0000,0.0000,Y,Y,"In Stock",N,4,0,21/09/2020,21/09/2020,"Category Name: MelGoludolls, Category Path: MelGoludolls","Product Image File: WhatsAppImage2020-09-16at6.24.26PM_76__55016.jpg, Product Image URL: http://madrasclub.com.au/product_images/o/562/WhatsAppImage2020-09-16at6.24.26PM_76__55016.jpg|Product Image File: WhatsAppImage2020-09-16at6.24.26PM_77__47516.jpg, Product Image URL: http://madrasclub.com.au/product_images/l/889/WhatsAppImage2020-09-16at6.24.26PM_77__47516.jpg",,,,New,/cloth-bags/,,,
130,P,GOLU121,black-hanging-bag,MelGoluDolls,"Golu dolls made with paper mache, clay and fibreglass directly from the manufacturer and sell with reasonable cost. Decorate this Navarathri with Unique collections of Golu Dolls available at MelGoluDolls. Purchase immediately before the stock gets sold. Happy Navrathri Shopping!",18.00,18.00,18.00,18.00,0.0000,N,,0.0000,0.0000,0.0000,0.0000,Y,Y,"In Stock",Y,10,0,21/09/2020,16/10/2020,"Category Name: MelGoludolls, Category Path: MelGoludolls","Product Image File: WhatsAppImage2020-09-16at6.24.26PM_75__93634.jpg, Product Image URL: http://madrasclub.com.au/product_images/m/126/WhatsAppImage2020-09-16at6.24.26PM_75__93634.jpg|Product Image File: Soldout__60680.jpg, Product Image URL: http://madrasclub.com.au/product_images/n/484/Soldout__60680.jpg",,,,New,/black-hanging-bag/,,,
131,P,GOLU122,hanuman-lakshman,MelGoluDolls,"Golu dolls made with paper mache, clay and fibreglass directly from the manufacturer and sell with reasonable cost. Decorate this Navarathri with Unique collections of Golu Dolls available at MelGoluDolls. Purchase immediately before the stock gets sold. Happy Navrathri Shopping!",88.00,88.00,88.00,88.00,0.0000,N,,0.0000,0.0000,0.0000,0.0000,Y,Y,"In Stock",N,1,0,21/09/2020,21/09/2020,"Category Name: MelGoludolls, Category Path: MelGoludolls","Product Image File: WhatsAppImage2020-09-16at6.24.26PM_74__15214.jpg, Product Image URL: http://madrasclub.com.au/product_images/x/676/WhatsAppImage2020-09-16at6.24.26PM_74__15214.jpg",,,,New,/hanuman-lakshman/,,,
132,P,GOLU123,krishna-radha,MelGoluDolls,"Golu dolls made with paper mache, clay and fibreglass directly from the manufacturer and sell with reasonable cost. Decorate this Navarathri with Unique collections of Golu Dolls available at MelGoluDolls. Purchase immediately before the stock gets sold. Happy Navrathri Shopping!",62.00,62.00,62.00,62.00,0.0000,N,,0.0000,0.0000,0.0000,0.0000,Y,Y,"In Stock",N,2,0,21/09/2020,21/09/2020,"Category Name: MelGoludolls, Category Path: MelGoludolls","Product Image File: WhatsAppImage2020-09-16at6.24.26PM_73__69811.jpg, Product Image URL: http://madrasclub.com.au/product_images/b/400/WhatsAppImage2020-09-16at6.24.26PM_73__69811.jpg",,,,New,/krishna-radha/,,,
133,P,GOLU124,anjaneya,MelGoluDolls,"Golu dolls made with paper mache, clay and fibreglass directly from the manufacturer and sell with reasonable cost. Decorate this Navarathri with Unique collections of Golu Dolls available at MelGoluDolls. Purchase immediately before the stock gets sold. Happy Navrathri Shopping!",85.00,85.00,85.00,85.00,0.0000,N,,0.0000,0.0000,0.0000,0.0000,Y,Y,"In Stock",N,1,0,21/09/2020,21/09/2020,"Category Name: MelGoludolls, Category Path: MelGoludolls","Product Image File: WhatsAppImage2020-09-16at6.24.26PM_72__03146.jpg, Product Image URL: http://madrasclub.com.au/product_images/w/867/WhatsAppImage2020-09-16at6.24.26PM_72__03146.jpg",,,,New,/anjaneya/,,,
134,P,GOLU125,murugan,MelGoluDolls,"Golu dolls made with paper mache, clay and fibreglass directly from the manufacturer and sell with reasonable cost. Decorate this Navarathri with Unique collections of Golu Dolls available at MelGoluDolls. Purchase immediately before the stock gets sold. Happy Navrathri Shopping!",105.00,105.00,105.00,105.00,0.0000,N,,0.0000,0.0000,0.0000,0.0000,Y,Y,"In Stock",N,1,0,21/09/2020,16/10/2020,"Category Name: MelGoludolls, Category Path: MelGoludolls","Product Image File: WhatsAppImage2020-09-16at6.24.26PM_70__77536.jpg, Product Image URL: http://madrasclub.com.au/product_images/b/593/WhatsAppImage2020-09-16at6.24.26PM_70__77536.jpg",,,,New,/murugan/,,,
135,P,GOLU126,krishna-lifting-mount-govardhana,MelGoluDolls,"Golu dolls made with paper mache, clay and fibreglass directly from the manufacturer and sell with reasonable cost. Decorate this Navarathri with Unique collections of Golu Dolls available at MelGoluDolls. Purchase immediately before the stock gets sold. Happy Navrathri Shopping!",82.00,82.00,82.00,82.00,0.0000,N,,0.0000,0.0000,0.0000,0.0000,Y,Y,"In Stock",N,1,0,21/09/2020,21/09/2020,"Category Name: MelGoludolls, Category Path: MelGoludolls","Product Image File: WhatsAppImage2020-09-16at6.24.26PM_69__48287.jpg, Product Image URL: http://madrasclub.com.au/product_images/e/698/WhatsAppImage2020-09-16at6.24.26PM_69__48287.jpg",,,,New,/krishna-lifting-mount-govardhana/,,,
136,P,GOLU127,bharathiyar,MelGoluDolls,"Golu dolls made with paper mache, clay and fibreglass directly from the manufacturer and sell with reasonable cost. Decorate this Navarathri with Unique collections of Golu Dolls available at MelGoluDolls. Purchase immediately before the stock gets sold. Happy Navrathri Shopping!",41.00,41.00,41.00,41.00,0.0000,N,,0.0000,0.0000,0.0000,0.0000,Y,Y,"In Stock",N,1,0,21/09/2020,16/10/2020,"Category Name: MelGoludolls, Category Path: MelGoludolls","Product Image File: WhatsAppImage2020-09-16at6.24.26PM_66__21375.jpg, Product Image URL: http://madrasclub.com.au/product_images/d/664/WhatsAppImage2020-09-16at6.24.26PM_66__21375.jpg",,,,New,/bharathiyar/,,,
137,P,GOLU128,standing-krishna,MelGoluDolls,"Golu dolls made with paper mache, clay and fibreglass directly from the manufacturer and sell with reasonable cost. Decorate this Navarathri with Unique collections of Golu Dolls available at MelGoluDolls. Purchase immediately before the stock gets sold. Happy Navrathri Shopping!",49.00,49.00,49.00,49.00,0.0000,N,,0.0000,0.0000,0.0000,0.0000,Y,Y,"In Stock",Y,3,0,21/09/2020,07/10/2020,"Category Name: MelGoludolls, Category Path: MelGoludolls","Product Image File: WhatsAppImage2020-09-16at6.24.26PM_65__10099.jpg, Product Image URL: http://madrasclub.com.au/product_images/t/941/WhatsAppImage2020-09-16at6.24.26PM_65__10099.jpg",,,,New,/standing-krishna/,,,
138,P,GOLU129,narasimha-breaking-vault,MelGoluDolls,"Golu dolls made with paper mache, clay and fibreglass directly from the manufacturer and sell with reasonable cost. Decorate this Navarathri with Unique collections of Golu Dolls available at MelGoluDolls. Purchase immediately before the stock gets sold. Happy Navrathri Shopping!",105.00,105.00,105.00,105.00,0.0000,N,,0.0000,0.0000,0.0000,0.0000,Y,Y,"In Stock",N,0,0,21/09/2020,21/09/2020,"Category Name: MelGoludolls, Category Path: MelGoludolls","Product Image File: WhatsAppImage2020-09-16at6.24.26PM_64__32751.jpg, Product Image URL: http://madrasclub.com.au/product_images/y/511/WhatsAppImage2020-09-16at6.24.26PM_64__32751.jpg",,,,New,/narasimha-breaking-vault/,,,
139,P,GOLU131,marriage-set,MelGoluDolls,"Golu dolls made with paper mache, clay and fibreglass directly from the manufacturer and sell with reasonable cost. Decorate this Navarathri with Unique collections of Golu Dolls available at MelGoluDolls. Purchase immediately before the stock gets sold. Happy Navrathri Shopping!",110.00,110.00,110.00,110.00,0.0000,N,,0.0000,0.0000,0.0000,0.0000,Y,Y,"In Stock",Y,0,0,21/09/2020,14/10/2020,"Category Name: MelGoludolls, Category Path: MelGoludolls","Product Image File: WhatsAppImage2020-09-16at6.24.26PM_63__07291.jpg, Product Image URL: http://madrasclub.com.au/product_images/u/032/WhatsAppImage2020-09-16at6.24.26PM_63__07291.jpg|Product Image File: WhatsAppImage2020-09-16at6.24.26PM_62__64471.jpg, Product Image URL: http://madrasclub.com.au/product_images/b/231/WhatsAppImage2020-09-16at6.24.26PM_62__64471.jpg|Product Image File: Soldout__02830.jpg, Product Image URL: http://madrasclub.com.au/product_images/u/767/Soldout__02830.jpg",,,,New,/marriage-set/,,,
140,P,GOLU132,kalinga-mardhanam,MelGoluDolls,"Golu dolls made with paper mache, clay and fibreglass directly from the manufacturer and sell with reasonable cost. Decorate this Navarathri with Unique collections of Golu Dolls available at MelGoluDolls. Purchase immediately before the stock gets sold. Happy Navrathri Shopping!",55.00,55.00,55.00,55.00,0.0000,N,,0.0000,0.0000,0.0000,0.0000,Y,Y,"In Stock",Y,1,0,21/09/2020,13/10/2020,"Category Name: MelGoludolls, Category Path: MelGoludolls","Product Image File: WhatsAppImage2020-09-16at6.24.26PM_61__39972.jpg, Product Image URL: http://madrasclub.com.au/product_images/l/126/WhatsAppImage2020-09-16at6.24.26PM_61__39972.jpg|Product Image File: Soldout__59995.jpg, Product Image URL: http://madrasclub.com.au/product_images/c/745/Soldout__59995.jpg",,,,New,/kalinga-mardhanam/,,,
141,P,GOLU133,krishna-leela,MelGoluDolls,"Golu dolls made with paper mache, clay and fibreglass directly from the manufacturer and sell with reasonable cost. Decorate this Navarathri with Unique collections of Golu Dolls available at MelGoluDolls. Purchase immediately before the stock gets sold. Happy Navrathri Shopping!",66.66,66.66,66.66,66.66,0.0000,N,,0.0000,0.0000,0.0000,0.0000,Y,Y,"In Stock",Y,2,0,21/09/2020,13/10/2020,"Category Name: MelGoludolls, Category Path: MelGoludolls","Product Image File: WhatsAppImage2020-09-16at6.24.26PM_59__52174.jpg, Product Image URL: http://madrasclub.com.au/product_images/q/508/WhatsAppImage2020-09-16at6.24.26PM_59__52174.jpg|Product Image File: Soldout__86958.jpg, Product Image URL: http://madrasclub.com.au/product_images/l/969/Soldout__86958.jpg",,,,New,/krishna-leela/,,,
142,P,GOLU134,buddha,MelGoluDolls,"Golu dolls made with paper mache, clay and fibreglass directly from the manufacturer and sell with reasonable cost. Decorate this Navarathri with Unique collections of Golu Dolls available at MelGoluDolls. Purchase immediately before the stock gets sold. Happy Navrathri Shopping!",90.00,90.00,90.00,90.00,0.0000,N,,0.0000,0.0000,0.0000,0.0000,Y,Y,"In Stock",N,1,0,21/09/2020,21/09/2020,"Category Name: MelGoludolls, Category Path: MelGoludolls","Product Image File: WhatsAppImage2020-09-16at6.24.26PM_58__06813.jpg, Product Image URL: http://madrasclub.com.au/product_images/f/516/WhatsAppImage2020-09-16at6.24.26PM_58__06813.jpg",,,,New,/buddha/,,,
143,P,GOLU135,"Saraswathi Big",MelGoluDolls,"Golu dolls made with paper mache, clay and fibreglass directly from the manufacturer and sell with reasonable cost. Decorate this Navarathri with Unique collections of Golu Dolls available at MelGoluDolls. Purchase immediately before the stock gets sold. Happy Navrathri Shopping!",70.00,70.00,70.00,70.00,0.0000,N,,0.0000,0.0000,0.0000,0.0000,Y,Y,"In Stock",N,1,0,21/09/2020,15/10/2020,"Category Name: MelGoludolls, Category Path: MelGoludolls","Product Image File: WhatsAppImage2020-09-16at6.24.26PM_57__18384.jpg, Product Image URL: http://madrasclub.com.au/product_images/r/854/WhatsAppImage2020-09-16at6.24.26PM_57__18384.jpg",,,,New,/saraswathi-1/,,,
144,P,GOLU136,"Lakshmi Big",MelGoluDolls,"Golu dolls made with paper mache, clay and fibreglass directly from the manufacturer and sell with reasonable cost. Decorate this Navarathri with Unique collections of Golu Dolls available at MelGoluDolls. Purchase immediately before the stock gets sold. Happy Navrathri Shopping!",70.00,70.00,70.00,70.00,0.0000,N,,0.0000,0.0000,0.0000,0.0000,Y,Y,"In Stock",N,1,0,21/09/2020,07/10/2020,"Category Name: MelGoludolls, Category Path: MelGoludolls","Product Image File: WhatsAppImage2020-09-16at6.24.26PM_56__40308.jpg, Product Image URL: http://madrasclub.com.au/product_images/d/601/WhatsAppImage2020-09-16at6.24.26PM_56__40308.jpg","Lakshmi Big",,,New,/lakshmi-1/,,,
145,P,GOLU139,therukoothu,MelGoluDolls,"Golu dolls made with paper mache, clay and fibreglass directly from the manufacturer and sell with reasonable cost. Decorate this Navarathri with Unique collections of Golu Dolls available at MelGoluDolls. Purchase immediately before the stock gets sold. Happy Navrathri Shopping!",62.00,62.00,62.00,62.00,0.0000,N,,0.0000,0.0000,0.0000,0.0000,Y,Y,"In Stock",Y,0,0,21/09/2020,15/10/2020,"Category Name: MelGoludolls, Category Path: MelGoludolls","Product Image File: WhatsAppImage2020-09-16at6.24.26PM_52__67488.jpg, Product Image URL: http://madrasclub.com.au/product_images/t/347/WhatsAppImage2020-09-16at6.24.26PM_52__67488.jpg|Product Image File: WhatsAppImage2020-09-16at6.24.26PM_51__98968.jpg, Product Image URL: http://madrasclub.com.au/product_images/r/375/WhatsAppImage2020-09-16at6.24.26PM_51__98968.jpg|Product Image File: WhatsAppImage2020-09-16at6.24.26PM_54__32031.jpg, Product Image URL: http://madrasclub.com.au/product_images/o/934/WhatsAppImage2020-09-16at6.24.26PM_54__32031.jpg|Product Image File: Soldout__14901.jpg, Product Image URL: http://madrasclub.com.au/product_images/b/932/Soldout__14901.jpg",,,,New,/therukoothu/,,,
146,P,GOLU140,dakshinamoorthy,MelGoluDolls,"Golu dolls made with paper mache, clay and fibreglass directly from the manufacturer and sell with reasonable cost. Decorate this Navarathri with Unique collections of Golu Dolls available at MelGoluDolls. Purchase immediately before the stock gets sold. Happy Navrathri Shopping!",55.00,55.00,55.00,55.00,0.0000,N,,0.0000,0.0000,0.0000,0.0000,Y,Y,"In Stock",N,1,0,21/09/2020,15/10/2020,"Category Name: MelGoludolls, Category Path: MelGoludolls","Product Image File: WhatsAppImage2020-09-16at6.24.26PM_53__62084.jpg, Product Image URL: http://madrasclub.com.au/product_images/v/728/WhatsAppImage2020-09-16at6.24.26PM_53__62084.jpg",,,,New,/dakshinamoorthy/,,,
147,P,GOLU141,pancha-mugha-anjaneyar,MelGoluDolls,"Golu dolls made with paper mache, clay and fibreglass directly from the manufacturer and sell with reasonable cost. Decorate this Navarathri with Unique collections of Golu Dolls available at MelGoluDolls. Purchase immediately before the stock gets sold. Happy Navrathri Shopping!",88.00,88.00,88.00,88.00,0.0000,N,,0.0000,0.0000,0.0000,0.0000,Y,Y,"In Stock",N,1,0,21/09/2020,15/10/2020,"Category Name: MelGoludolls, Category Path: MelGoludolls","Product Image File: WhatsAppImage2020-09-16at6.24.26PM_50__87215.jpg, Product Image URL: http://madrasclub.com.au/product_images/o/049/WhatsAppImage2020-09-16at6.24.26PM_50__87215.jpg",,,,New,/pancha-mugha-anjaneyar/,,,
148,P,GOLU142,dashavatharam-set,MelGoluDolls,"Golu dolls made with paper mache, clay and fibreglass directly from the manufacturer and sell with reasonable cost. Decorate this Navarathri with Unique collections of Golu Dolls available at MelGoluDolls. Purchase immediately before the stock gets sold. Happy Navrathri Shopping!",112.50,112.50,112.50,112.50,0.0000,N,,0.0000,0.0000,0.0000,0.0000,Y,Y,"In Stock",N,1,0,21/09/2020,21/09/2020,"Category Name: MelGoludolls, Category Path: MelGoludolls","Product Image File: WhatsAppImage2020-09-16at6.24.26PM_49__00994.jpg, Product Image URL: http://madrasclub.com.au/product_images/m/837/WhatsAppImage2020-09-16at6.24.26PM_49__00994.jpg",,,,New,/dashavatharam-set/,,,
149,P,GOLU143,chotta-bheem-set,MelGoluDolls,"Golu dolls made with paper mache, clay and fibreglass directly from the manufacturer and sell with reasonable cost. Decorate this Navarathri with Unique collections of Golu Dolls available at MelGoluDolls. Purchase immediately before the stock gets sold. Happy Navrathri Shopping!",70.83,70.83,70.83,70.83,0.0000,N,,0.0000,0.0000,0.0000,0.0000,Y,Y,"In Stock",N,3,0,21/09/2020,21/09/2020,"Category Name: MelGoludolls, Category Path: MelGoludolls","Product Image File: WhatsAppImage2020-09-16at6.24.26PM_48__19244.jpg, Product Image URL: http://madrasclub.com.au/product_images/d/521/WhatsAppImage2020-09-16at6.24.26PM_48__19244.jpg",,,,New,/chotta-bheem-set/,,,
150,P,GOLU144,ravanan,MelGoluDolls,"Golu dolls made with paper mache, clay and fibreglass directly from the manufacturer and sell with reasonable cost. Decorate this Navarathri with Unique collections of Golu Dolls available at MelGoluDolls. Purchase immediately before the stock gets sold. Happy Navrathri Shopping!",95.00,95.00,95.00,95.00,0.0000,N,,0.0000,0.0000,0.0000,0.0000,Y,Y,"In Stock",N,1,0,21/09/2020,21/09/2020,"Category Name: MelGoludolls, Category Path: MelGoludolls","Product Image File: WhatsAppImage2020-09-16at6.24.26PM_47__37274.jpg, Product Image URL: http://madrasclub.com.au/product_images/l/813/WhatsAppImage2020-09-16at6.24.26PM_47__37274.jpg",,,,New,/ravanan/,,,
151,P,GOLU145,shiva-parvathi,MelGoluDolls,"Golu dolls made with paper mache, clay and fibreglass directly from the manufacturer and sell with reasonable cost. Decorate this Navarathri with Unique collections of Golu Dolls available at MelGoluDolls. Purchase immediately before the stock gets sold. Happy Navrathri Shopping!",71.50,71.50,71.50,71.50,0.0000,N,,0.0000,0.0000,0.0000,0.0000,Y,Y,"In Stock",N,1,0,21/09/2020,16/10/2020,"Category Name: MelGoludolls, Category Path: MelGoludolls","Product Image File: WhatsAppImage2020-09-16at6.24.26PM_46__63798.jpg, Product Image URL: http://madrasclub.com.au/product_images/e/474/WhatsAppImage2020-09-16at6.24.26PM_46__63798.jpg|Product Image File: Soldout__87453.jpg, Product Image URL: http://madrasclub.com.au/product_images/k/684/Soldout__87453.jpg",,,,New,/shiva-parvathi/,,,
152,P,GOLU146,shiva,MelGoluDolls,"Golu dolls made with paper mache, clay and fibreglass directly from the manufacturer and sell with reasonable cost. Decorate this Navarathri with Unique collections of Golu Dolls available at MelGoluDolls. Purchase immediately before the stock gets sold. Happy Navrathri Shopping!",60.00,60.00,60.00,60.00,0.0000,N,,0.0000,0.0000,0.0000,0.0000,Y,Y,"In Stock",N,1,0,21/09/2020,07/10/2020,"Category Name: MelGoludolls, Category Path: MelGoludolls","Product Image File: WhatsAppImage2020-09-16at6.24.26PM_45__44381.jpg, Product Image URL: http://madrasclub.com.au/product_images/i/640/WhatsAppImage2020-09-16at6.24.26PM_45__44381.jpg",,,,New,/shiva/,,,
153,P,GOLU147,Mahalakshmi,MelGoluDolls,"Golu dolls made with paper mache, clay and fibreglass directly from the manufacturer and sell with reasonable cost. Decorate this Navarathri with Unique collections of Golu Dolls available at MelGoluDolls. Purchase immediately before the stock gets sold. Happy Navrathri Shopping!",68.75,68.75,68.75,68.75,0.0000,N,,0.0000,0.0000,0.0000,0.0000,Y,Y,"In Stock",N,1,0,21/09/2020,15/10/2020,"Category Name: MelGoludolls, Category Path: MelGoludolls","Product Image File: WhatsAppImage2020-09-18at1.23.02PM__40926.jpg, Product Image URL: http://madrasclub.com.au/product_images/p/378/WhatsAppImage2020-09-18at1.23.02PM__40926.jpg",,,,New,/lakshmi-small/,,,
154,P,GOLU148,lakshmi,MelGoluDolls,"Golu dolls made with paper mache, clay and fibreglass directly from the manufacturer and sell with reasonable cost. Decorate this Navarathri with Unique collections of Golu Dolls available at MelGoluDolls. Purchase immediately before the stock gets sold. Happy Navrathri Shopping!",88.00,88.00,88.00,88.00,0.0000,N,,0.0000,0.0000,0.0000,0.0000,Y,Y,"In Stock",N,1,0,21/09/2020,15/10/2020,"Category Name: MelGoludolls, Category Path: MelGoludolls","Product Image File: WhatsAppImage2020-09-16at6.24.26PM_44__92932.jpg, Product Image URL: http://madrasclub.com.au/product_images/f/581/WhatsAppImage2020-09-16at6.24.26PM_44__92932.jpg",,,,New,/lakshmi/,,,
155,P,GOLU149,ganesha,MelGoluDolls,"Golu dolls made with paper mache, clay and fibreglass directly from the manufacturer and sell with reasonable cost. Decorate this Navarathri with Unique collections of Golu Dolls available at MelGoluDolls. Purchase immediately before the stock gets sold. Happy Navrathri Shopping!",105.00,105.00,105.00,105.00,0.0000,N,,0.0000,0.0000,0.0000,0.0000,Y,Y,"In Stock",N,1,0,21/09/2020,15/10/2020,"Category Name: MelGoludolls, Category Path: MelGoludolls","Product Image File: WhatsAppImage2020-09-16at6.24.26PM_39__47271.jpg, Product Image URL: http://madrasclub.com.au/product_images/h/946/WhatsAppImage2020-09-16at6.24.26PM_39__47271.jpg",,,,New,/ganesha/,,,
156,P,GOLU150,kargatakaran,MelGoluDolls,"Golu dolls made with paper mache, clay and fibreglass directly from the manufacturer and sell with reasonable cost. Decorate this Navarathri with Unique collections of Golu Dolls available at MelGoluDolls. Purchase immediately before the stock gets sold. Happy Navrathri Shopping!",49.52,49.52,49.52,49.52,0.0000,N,,0.0000,0.0000,0.0000,0.0000,Y,Y,"In Stock",Y,0,0,21/09/2020,14/10/2020,"Category Name: MelGoludolls, Category Path: MelGoludolls","Product Image File: WhatsAppImage2020-09-16at6.24.26PM_38__16892.jpg, Product Image URL: http://madrasclub.com.au/product_images/b/692/WhatsAppImage2020-09-16at6.24.26PM_38__16892.jpg|Product Image File: Soldout__89449.jpg, Product Image URL: http://madrasclub.com.au/product_images/v/363/Soldout__89449.jpg",,,,New,/kargatakaran/,,,
157,P,GOLU153,suryanarayanan,MelGoluDolls,"Golu dolls made with paper mache, clay and fibreglass directly from the manufacturer and sell with reasonable cost. Decorate this Navarathri with Unique collections of Golu Dolls available at MelGoluDolls. Purchase immediately before the stock gets sold. Happy Navrathri Shopping!",70.00,70.00,70.00,70.00,0.0000,N,,0.0000,0.0000,0.0000,0.0000,Y,Y,"In Stock",N,1,0,21/09/2020,16/10/2020,"Category Name: MelGoludolls, Category Path: MelGoludolls","Product Image File: WhatsAppImage2020-09-16at6.24.26PM_35__29236.jpg, Product Image URL: http://madrasclub.com.au/product_images/a/027/WhatsAppImage2020-09-16at6.24.26PM_35__29236.jpg|Product Image File: WhatsAppImage2020-09-16at6.24.26PM_37__36340.jpg, Product Image URL: http://madrasclub.com.au/product_images/d/694/WhatsAppImage2020-09-16at6.24.26PM_37__36340.jpg|Product Image File: WhatsAppImage2020-09-16at6.24.26PM_36__32466.jpg, Product Image URL: http://madrasclub.com.au/product_images/w/873/WhatsAppImage2020-09-16at6.24.26PM_36__32466.jpg|Product Image File: Soldout__97119.jpg, Product Image URL: http://madrasclub.com.au/product_images/p/435/Soldout__97119.jpg",,,,New,/suryanarayanan/,,,
158,P,GOLU154,markandeyan,MelGoluDolls,"Golu dolls made with paper mache, clay and fibreglass directly from the manufacturer and sell with reasonable cost. Decorate this Navarathri with Unique collections of Golu Dolls available at MelGoluDolls. Purchase immediately before the stock gets sold. Happy Navrathri Shopping!",45.00,45.00,45.00,45.00,0.0000,N,,0.0000,0.0000,0.0000,0.0000,Y,Y,"In Stock",N,2,0,21/09/2020,21/09/2020,"Category Name: MelGoludolls, Category Path: MelGoludolls","Product Image File: WhatsAppImage2020-09-16at6.24.26PM_34__76479.jpg, Product Image URL: http://madrasclub.com.au/product_images/z/872/WhatsAppImage2020-09-16at6.24.26PM_34__76479.jpg",,,,New,/markandeyan/,,,
159,P,GOLU155,saraswathi,MelGoluDolls,"Golu dolls made with paper mache, clay and fibreglass directly from the manufacturer and sell with reasonable cost. Decorate this Navarathri with Unique collections of Golu Dolls available at MelGoluDolls. Purchase immediately before the stock gets sold. Happy Navrathri Shopping!",70.00,70.00,70.00,70.00,0.0000,N,,0.0000,0.0000,0.0000,0.0000,Y,Y,"In Stock",Y,0,0,21/09/2020,17/10/2020,"Category Name: MelGoludolls, Category Path: MelGoludolls","Product Image File: WhatsAppImage2020-09-16at6.24.26PM_33__37914.jpg, Product Image URL: http://madrasclub.com.au/product_images/q/224/WhatsAppImage2020-09-16at6.24.26PM_33__37914.jpg|Product Image File: Soldout__33898.jpg, Product Image URL: http://madrasclub.com.au/product_images/e/062/Soldout__33898.jpg",,,,New,/saraswathi/,,,
160,P,GOLU156,farmers-set,MelGoluDolls,"Golu dolls made with paper mache, clay and fibreglass directly from the manufacturer and sell with reasonable cost. Decorate this Navarathri with Unique collections of Golu Dolls available at MelGoluDolls. Purchase immediately before the stock gets sold. Happy Navrathri Shopping!",65.00,65.00,65.00,65.00,0.0000,N,,0.0000,0.0000,0.0000,0.0000,Y,Y,"In Stock",N,1,0,21/09/2020,21/09/2020,"Category Name: MelGoludolls, Category Path: MelGoludolls","Product Image File: WhatsAppImage2020-09-16at6.24.26PM_32__36152.jpg, Product Image URL: http://madrasclub.com.au/product_images/i/418/WhatsAppImage2020-09-16at6.24.26PM_32__36152.jpg",,,,New,/farmers-set/,,,
161,P,GOLU157,krishna,MelGoluDolls,"Golu dolls made with paper mache, clay and fibreglass directly from the manufacturer and sell with reasonable cost. Decorate this Navarathri with Unique collections of Golu Dolls available at MelGoluDolls. Purchase immediately before the stock gets sold. Happy Navrathri Shopping!",120.00,120.00,120.00,120.00,0.0000,N,,0.0000,0.0000,0.0000,0.0000,Y,Y,"In Stock",N,1,0,21/09/2020,21/09/2020,"Category Name: MelGoludolls, Category Path: MelGoludolls","Product Image File: WhatsAppImage2020-09-16at6.24.26PM_41__41370.jpg, Product Image URL: http://madrasclub.com.au/product_images/p/886/WhatsAppImage2020-09-16at6.24.26PM_41__41370.jpg",,,,New,/krishna/,,,
162,P,GOLU158,meenakshi,MelGoluDolls,"Golu dolls made with paper mache, clay and fibreglass directly from the manufacturer and sell with reasonable cost. Decorate this Navarathri with Unique collections of Golu Dolls available at MelGoluDolls. Purchase immediately before the stock gets sold. Happy Navrathri Shopping!",140.00,140.00,140.00,140.00,0.0000,N,,0.0000,0.0000,0.0000,0.0000,Y,Y,"In Stock",N,1,0,21/09/2020,16/10/2020,"Category Name: MelGoludolls, Category Path: MelGoludolls","Product Image File: WhatsAppImage2020-09-16at6.24.26PM_30__11103.jpg, Product Image URL: http://madrasclub.com.au/product_images/l/307/WhatsAppImage2020-09-16at6.24.26PM_30__11103.jpg",,,,New,/meenakshi/,,,
163,P,GOLU159,umbrella-ganesha,MelGoluDolls,"Golu dolls made with paper mache, clay and fibreglass directly from the manufacturer and sell with reasonable cost. Decorate this Navarathri with Unique collections of Golu Dolls available at MelGoluDolls. Purchase immediately before the stock gets sold. Happy Navrathri Shopping!",105.00,105.00,105.00,105.00,0.0000,N,,0.0000,0.0000,0.0000,0.0000,Y,Y,"In Stock",N,1,0,21/09/2020,15/10/2020,"Category Name: MelGoludolls, Category Path: MelGoludolls","Product Image File: WhatsAppImage2020-09-16at6.24.26PM_29__67719.jpg, Product Image URL: http://madrasclub.com.au/product_images/h/138/WhatsAppImage2020-09-16at6.24.26PM_29__67719.jpg",,,,New,/umbrella-ganesha/,,,
164,P,GOLU160,panduranga-ragumayi,MelGoluDolls,"Golu dolls made with paper mache, clay and fibreglass directly from the manufacturer and sell with reasonable cost. Decorate this Navarathri with Unique collections of Golu Dolls available at MelGoluDolls. Purchase immediately before the stock gets sold. Happy Navrathri Shopping!",66.66,66.66,66.66,66.66,0.0000,N,,0.0000,0.0000,0.0000,0.0000,Y,Y,"In Stock",N,2,0,21/09/2020,15/10/2020,"Category Name: MelGoludolls, Category Path: MelGoludolls","Product Image File: WhatsAppImage2020-09-16at6.24.26PM_28__60290.jpg, Product Image URL: http://madrasclub.com.au/product_images/a/975/WhatsAppImage2020-09-16at6.24.26PM_28__60290.jpg",,,,New,/panduranga-ragumayi/,,,
165,P,GOLU163,thoranams-for-decoration-3-sets,MelGoluDolls,"Golu dolls made with paper mache, clay and fibreglass directly from the manufacturer and sell with reasonable cost. Decorate this Navarathri with Unique collections of Golu Dolls available at MelGoluDolls. Purchase immediately before the stock gets sold. Happy Navrathri Shopping!",12.00,12.00,12.00,12.00,0.0000,N,,0.0000,0.0000,0.0000,0.0000,Y,Y,"In Stock",Y,3,0,21/09/2020,07/10/2020,"Category Name: MelGoludolls, Category Path: MelGoludolls","Product Image File: WhatsAppImage2020-09-16at6.24.26PM_1__48193.jpg, Product Image URL: http://madrasclub.com.au/product_images/z/109/WhatsAppImage2020-09-16at6.24.26PM_1__48193.jpg|Product Image File: WhatsAppImage2020-09-16at6.24.26PM_2__63667.jpg, Product Image URL: http://madrasclub.com.au/product_images/p/643/WhatsAppImage2020-09-16at6.24.26PM_2__63667.jpg|Product Image File: WhatsAppImage2020-09-16at6.24.26PM__52779.jpg, Product Image URL: http://madrasclub.com.au/product_images/y/782/WhatsAppImage2020-09-16at6.24.26PM__52779.jpg|Product Image File: Soldout__91107.jpg, Product Image URL: http://madrasclub.com.au/product_images/s/589/Soldout__91107.jpg",,,,New,/thoranams-for-decoration-3-sets/,,,
166,P,GOLU166,annamalaiyar-set,MelGoluDolls,"Golu dolls made with paper mache, clay and fibreglass directly from the manufacturer and sell with reasonable cost. Decorate this Navarathri with Unique collections of Golu Dolls available at MelGoluDolls. Purchase immediately before the stock gets sold. Happy Navrathri Shopping!",65.00,65.00,65.00,65.00,0.0000,N,,0.0000,0.0000,0.0000,0.0000,Y,Y,"In Stock",Y,1,0,21/09/2020,14/10/2020,"Category Name: MelGoludolls, Category Path: MelGoludolls","Product Image File: WhatsAppImage2020-09-16at6.24.26PM_20__90088.jpg, Product Image URL: http://madrasclub.com.au/product_images/d/976/WhatsAppImage2020-09-16at6.24.26PM_20__90088.jpg|Product Image File: WhatsAppImage2020-09-16at6.24.26PM_19__07718.jpg, Product Image URL: http://madrasclub.com.au/product_images/t/836/WhatsAppImage2020-09-16at6.24.26PM_19__07718.jpg|Product Image File: WhatsAppImage2020-09-16at6.24.26PM_18__80057.jpg, Product Image URL: http://madrasclub.com.au/product_images/x/227/WhatsAppImage2020-09-16at6.24.26PM_18__80057.jpg",,,,New,/annamalaiyar-set/,,,
167,P,GOLU167,wood-house,MelGoluDolls,"Golu dolls made with paper mache, clay and fibreglass directly from the manufacturer and sell with reasonable cost. Decorate this Navarathri with Unique collections of Golu Dolls available at MelGoluDolls. Purchase immediately before the stock gets sold. Happy Navrathri Shopping!",7.50,7.50,7.50,7.50,0.0000,N,,0.0000,0.0000,0.0000,0.0000,Y,Y,"In Stock",Y,0,0,21/09/2020,13/10/2020,"Category Name: MelGoludolls, Category Path: MelGoludolls","Product Image File: Soldout__20390.jpg, Product Image URL: http://madrasclub.com.au/product_images/u/048/Soldout__20390.jpg",,,,New,/wood-house/,,,
168,P,GOLU168,wood-cart,MelGoluDolls,"Golu dolls made with paper mache, clay and fibreglass directly from the manufacturer and sell with reasonable cost. Decorate this Navarathri with Unique collections of Golu Dolls available at MelGoluDolls. Purchase immediately before the stock gets sold. Happy Navrathri Shopping!",7.50,7.50,7.50,7.50,0.0000,N,,0.0000,0.0000,0.0000,0.0000,Y,Y,"In Stock",Y,0,0,21/09/2020,13/10/2020,"Category Name: MelGoludolls, Category Path: MelGoludolls","Product Image File: Soldout__19415.jpg, Product Image URL: http://madrasclub.com.au/product_images/o/363/Soldout__19415.jpg",,,,New,/wood-cart/,,,
169,P,GOLU169,gethobadesam,MelGoluDolls,"Golu dolls made with paper mache, clay and fibreglass directly from the manufacturer and sell with reasonable cost. Decorate this Navarathri with Unique collections of Golu Dolls available at MelGoluDolls. Purchase immediately before the stock gets sold. Happy Navrathri Shopping!",81.25,81.25,81.25,81.25,0.0000,N,,0.0000,0.0000,0.0000,0.0000,Y,Y,"In Stock",Y,1,0,21/09/2020,13/10/2020,"Category Name: MelGoludolls, Category Path: MelGoludolls","Product Image File: WhatsAppImage2020-09-16at6.24.26PM_10__39030.jpg, Product Image URL: http://madrasclub.com.au/product_images/l/770/WhatsAppImage2020-09-16at6.24.26PM_10__39030.jpg|Product Image File: Soldout__36930.jpg, Product Image URL: http://madrasclub.com.au/product_images/w/184/Soldout__36930.jpg",,,,New,/gethobadesam/,,,
170,P,GOLU170,ms-subbulakshmi,MelGoluDolls,"Golu dolls made with paper mache, clay and fibreglass directly from the manufacturer and sell with reasonable cost. Decorate this Navarathri with Unique collections of Golu Dolls available at MelGoluDolls. Purchase immediately before the stock gets sold. Happy Navrathri Shopping!",112.50,112.50,112.50,112.50,0.0000,N,,0.0000,0.0000,0.0000,0.0000,Y,Y,"In Stock",N,1,0,21/09/2020,15/10/2020,"Category Name: MelGoludolls, Category Path: MelGoludolls","Product Image File: 20190912_142432__44279.jpg, Product Image URL: http://madrasclub.com.au/product_images/s/603/20190912_142432__44279.jpg",,,,New,/ms-subbulakshmi/,,,
171,P,GOLU174,music-ganesha,MelGoluDolls,"Golu dolls made with paper mache, clay and fibreglass directly from the manufacturer and sell with reasonable cost. Decorate this Navarathri with Unique collections of Golu Dolls available at MelGoluDolls. Purchase immediately before the stock gets sold. Happy Navrathri Shopping!",70.83,70.83,70.83,70.83,0.0000,N,,0.0000,0.0000,0.0000,0.0000,Y,Y,"In Stock",Y,0,0,21/09/2020,13/10/2020,"Category Name: MelGoludolls, Category Path: MelGoludolls","Product Image File: WhatsAppImage2020-09-16at6.24.26PM_24__11339.jpg, Product Image URL: http://madrasclub.com.au/product_images/v/491/WhatsAppImage2020-09-16at6.24.26PM_24__11339.jpg|Product Image File: WhatsAppImage2020-09-16at6.24.26PM_22__38158.jpg, Product Image URL: http://madrasclub.com.au/product_images/v/404/WhatsAppImage2020-09-16at6.24.26PM_22__38158.jpg|Product Image File: WhatsAppImage2020-09-16at6.24.26PM_21__79509.jpg, Product Image URL: http://madrasclub.com.au/product_images/b/313/WhatsAppImage2020-09-16at6.24.26PM_21__79509.jpg|Product Image File: Soldout__53467.jpg, Product Image URL: http://madrasclub.com.au/product_images/j/828/Soldout__53467.jpg",,,,New,/music-ganesha/,,,
172,P,GOLU175,ural-krishna,MelGoluDolls,"Golu dolls made with paper mache, clay and fibreglass directly from the manufacturer and sell with reasonable cost. Decorate this Navarathri with Unique collections of Golu Dolls available at MelGoluDolls. Purchase immediately before the stock gets sold. Happy Navrathri Shopping!",39.58,39.58,39.58,39.58,0.0000,N,,0.0000,0.0000,0.0000,0.0000,Y,Y,"In Stock",N,3,0,21/09/2020,21/09/2020,"Category Name: MelGoludolls, Category Path: MelGoludolls","Product Image File: WhatsAppImage2020-09-16at6.24.26PM_25__13678.jpg, Product Image URL: http://madrasclub.com.au/product_images/x/827/WhatsAppImage2020-09-16at6.24.26PM_25__13678.jpg",,,,New,/ural-krishna/,,,
173,P,GOLU177,ghee-krishna,MelGoluDolls,"Golu dolls made with paper mache, clay and fibreglass directly from the manufacturer and sell with reasonable cost. Decorate this Navarathri with Unique collections of Golu Dolls available at MelGoluDolls. Purchase immediately before the stock gets sold. Happy Navrathri Shopping!",45.83,45.83,45.83,45.83,0.0000,N,,0.0000,0.0000,0.0000,0.0000,Y,Y,"In Stock",Y,0,0,21/09/2020,14/10/2020,"Category Name: MelGoludolls, Category Path: MelGoludolls","Product Image File: IMG_2533__99712.jpg, Product Image URL: http://madrasclub.com.au/product_images/f/424/IMG_2533__99712.jpg|Product Image File: IMG_2533_fc766f4a-ab9b-47bb-aa5e-33f8440d1328__90921.jpg, Product Image URL: http://madrasclub.com.au/product_images/z/245/IMG_2533_fc766f4a-ab9b-47bb-aa5e-33f8440d1328__90921.jpg|Product Image File: Soldout__95545.jpg, Product Image URL: http://madrasclub.com.au/product_images/h/214/Soldout__95545.jpg",,,,New,/ghee-krishna/,,,
174,P,GOLU178,cow-krishna-gopalan,MelGoluDolls,"Golu dolls made with paper mache, clay and fibreglass directly from the manufacturer and sell with reasonable cost. Decorate this Navarathri with Unique collections of Golu Dolls available at MelGoluDolls. Purchase immediately before the stock gets sold. Happy Navrathri Shopping!",50.00,50.00,50.00,50.00,0.0000,N,,0.0000,0.0000,0.0000,0.0000,Y,Y,"In Stock",Y,1,0,21/09/2020,14/10/2020,"Category Name: MelGoludolls, Category Path: MelGoludolls","Product Image File: WhatsAppImage2020-09-16at2.58.09PM__51349.jpg, Product Image URL: http://madrasclub.com.au/product_images/m/149/WhatsAppImage2020-09-16at2.58.09PM__51349.jpg|Product Image File: Soldout__60250.jpg, Product Image URL: http://madrasclub.com.au/product_images/j/903/Soldout__60250.jpg",,,,New,/cow-krishna-gopalan/,,,
176,P,GOLU181,krishna-chaitanya,MelGoluDolls,"Golu dolls made with paper mache, clay and fibreglass directly from the manufacturer and sell with reasonable cost. Decorate this Navarathri with Unique collections of Golu Dolls available at MelGoluDolls. Purchase immediately before the stock gets sold. Happy Navrathri Shopping!",66.66,66.66,66.66,66.66,0.0000,N,,0.0000,0.0000,0.0000,0.0000,Y,Y,"In Stock",N,3,0,21/09/2020,15/10/2020,"Category Name: MelGoludolls, Category Path: MelGoludolls","Product Image File: WhatsAppImage2020-09-16at2.57.59PM__97806.jpg, Product Image URL: http://madrasclub.com.au/product_images/q/115/WhatsAppImage2020-09-16at2.57.59PM__97806.jpg",,,,New,/krishna-chaitanya/,,,
177,P,GOLU183,krishna-leela-2-1-5,MelGoluDolls,"Golu dolls made with paper mache, clay and fibreglass directly from the manufacturer and sell with reasonable cost. Decorate this Navarathri with Unique collections of Golu Dolls available at MelGoluDolls. Purchase immediately before the stock gets sold. Happy Navrathri Shopping!",66.66,66.66,66.66,66.66,0.0000,N,,0.0000,0.0000,0.0000,0.0000,Y,Y,"In Stock",Y,3,0,21/09/2020,13/10/2020,"Category Name: MelGoludolls, Category Path: MelGoludolls","Product Image File: download_2_2446e10c-3f51-4aa4-b049-0f64a9e9b637__69906.jpg, Product Image URL: http://madrasclub.com.au/product_images/u/462/download_2_2446e10c-3f51-4aa4-b049-0f64a9e9b637__69906.jpg|Product Image File: WhatsAppImage2020-09-16at2.58.01PM__80619.jpg, Product Image URL: http://madrasclub.com.au/product_images/l/299/WhatsAppImage2020-09-16at2.58.01PM__80619.jpg|Product Image File: Soldout__83027.jpg, Product Image URL: http://madrasclub.com.au/product_images/h/933/Soldout__83027.jpg",,,,New,/krishna-leela-2-1-5/,,,
179,P,GOLU184,Varahar,MelGoluDolls,,0.00,0.00,0.00,75.00,0.0000,N,,0.5000,0.0000,0.0000,0.0000,Y,Y,,N,0,0,05/10/2020,05/10/2020,"Category Name: Shop All, Category Path: Shop All|Category Name: MelGoludolls, Category Path: MelGoludolls","Product Image File: WhatsApp_Image_2020-09-18_at_3.14.28_PM__86907.jpg, Product Image URL: http://madrasclub.com.au/product_images/i/505/WhatsApp_Image_2020-09-18_at_3.14.28_PM__86907.jpg",Varahar,,,New,/varahar/,,,
180,P,GOLU185,"Meenakshi Sundareshwarar",MelGoluDolls,"Golu dolls made with paper mache, clay and fibreglass directly from the manufacturer and sell with reasonable cost. Decorate this Navarathri with Unique collections of Golu Dolls available at MelGoluDolls. Purchase immediately before the stock gets sold. Happy Navrathri Shopping!",0.00,0.00,0.00,88.00,0.0000,N,,0.2500,0.0000,0.0000,0.0000,Y,Y,,Y,1,0,05/10/2020,15/10/2020,"Category Name: Shop All, Category Path: Shop All|Category Name: MelGoludolls, Category Path: MelGoludolls","Product Image File: WhatsApp_Image_2020-09-18_at_2.56.46_PM__18795.jpg, Product Image URL: http://madrasclub.com.au/product_images/n/501/WhatsApp_Image_2020-09-18_at_2.56.46_PM__18795.jpg","Meenakshi Sundareshwarar",,,New,/shivan/,,,
181,P,GOLU186,"Fancy Dolls",MelGoluDolls,"Golu dolls made with paper mache, clay and fibreglass directly from the manufacturer and sell with reasonable cost. Decorate this Navarathri with Unique collections of Golu Dolls available at MelGoluDolls. Purchase immediately before the stock gets sold. Happy Navrathri Shopping!",0.00,0.00,0.00,50.00,0.0000,N,,0.0500,0.0000,0.0000,0.0000,Y,Y,,Y,2,0,05/10/2020,07/10/2020,"Category Name: Shop All, Category Path: Shop All|Category Name: MelGoludolls, Category Path: MelGoludolls","Product Image File: WhatsApp_Image_2020-09-18_at_2.56.47_PM__45365.jpg, Product Image URL: http://madrasclub.com.au/product_images/o/115/WhatsApp_Image_2020-09-18_at_2.56.47_PM__45365.jpg","Fancy Dolls",,,New,/fancy-dolls/,,,
182,P,GOLU187,"Krishna Balram & Sudhama Set",MelGoluDolls,"Golu dolls made with paper mache, clay and fibreglass directly from the manufacturer and sell with reasonable cost. Decorate this Navrathri with Unique collections of Golu Dolls available at MelGoluDolls. Purchase immediately before the stock gets sold. Happy Navrathri Shopping!",0.00,0.00,0.00,80.00,0.0000,N,,0.1500,0.0000,0.0000,0.0000,Y,Y,,N,0,0,05/10/2020,05/10/2020,"Category Name: Shop All, Category Path: Shop All|Category Name: MelGoludolls, Category Path: MelGoludolls","Product Image File: WhatsApp_Image_2020-09-18_at_2.56.47_PM_1__31724.jpg, Product Image URL: http://madrasclub.com.au/product_images/m/615/WhatsApp_Image_2020-09-18_at_2.56.47_PM_1__31724.jpg","Krishna Balram & Sudhama Set",,,New,/krishna-balram-sudhama-set/,,,
183,P,GOLU188,"Krishna Thottil",MelGoluDolls,"Golu dolls made with paper mache, clay and fibreglass directly from the manufacturer and sell with reasonable cost. Decorate this Navrathri with Unique collections of Golu Dolls available at MelGoluDolls. Purchase immediately before the stock gets sold. Happy Navrathri Shopping!",0.00,0.00,0.00,85.00,0.0000,N,,0.5000,0.0000,0.0000,0.0000,Y,Y,,N,0,0,05/10/2020,05/10/2020,"Category Name: Shop All, Category Path: Shop All|Category Name: MelGoludolls, Category Path: MelGoludolls","Product Image File: WhatsApp_Image_2020-09-18_at_2.56.48_PM__54297.jpg, Product Image URL: http://madrasclub.com.au/product_images/v/893/WhatsApp_Image_2020-09-18_at_2.56.48_PM__54297.jpg","Krishna Thottil",,,New,/krishna-thottil/,,,
184,P,GOLU189,"Village Set",MelGoluDolls,"Golu dolls made with paper mache, clay and fibreglass directly from the manufacturer and sell with reasonable cost. Decorate this Navrathri with Unique collections of Golu Dolls available at MelGoluDolls. Purchase immediately before the stock gets sold. Happy Navrathri Shopping!",0.00,0.00,0.00,45.00,0.0000,N,,0.1500,0.0000,0.0000,0.0000,Y,Y,,N,0,0,05/10/2020,05/10/2020,"Category Name: Shop All, Category Path: Shop All|Category Name: MelGoludolls, Category Path: MelGoludolls","Product Image File: WhatsApp_Image_2020-10-05_at_11.35.34_AM_1__33644.jpg, Product Image URL: http://madrasclub.com.au/product_images/v/522/WhatsApp_Image_2020-10-05_at_11.35.34_AM_1__33644.jpg","Village Set",,,New,/village-set/,,,
185,P,GOLU-190,"Brahmotsavam Set",MelGoluDolls,"Golu dolls made with paper mache, clay and fibreglass directly from the manufacturer and sell with reasonable cost. Decorate this Navrathri with Unique collections of Golu Dolls available at MelGoluDolls. Purchase immediately before the stock gets sold. Happy Navrathri Shopping!",0.00,0.00,0.00,1540.00,0.0000,N,,0.1500,0.0000,0.0000,0.0000,Y,Y,,N,0,0,05/10/2020,16/10/2020,"Category Name: Shop All, Category Path: Shop All|Category Name: MelGoludolls, Category Path: MelGoludolls","Product Image File: WhatsApp_Image_2020-10-05_at_11.35.34_AM__78193.jpg, Product Image URL: http://madrasclub.com.au/product_images/f/855/WhatsApp_Image_2020-10-05_at_11.35.34_AM__78193.jpg","Brahmotsavam Set",,,New,/brahmotsavam-set/,,,
186,P,GOLU191,"Arupadai Veedu",MelGoluDolls,"Golu dolls made with paper mache, clay and fibreglass directly from the manufacturer and sell with reasonable cost. Decorate this Navrathri with Unique collections of Golu Dolls available at MelGoluDolls. Purchase immediately before the stock gets sold. Happy Navrathri Shopping!",0.00,0.00,0.00,231.00,0.0000,N,,0.2500,0.0000,0.0000,0.0000,Y,Y,,N,0,0,05/10/2020,15/10/2020,"Category Name: Shop All, Category Path: Shop All|Category Name: MelGoludolls, Category Path: MelGoludolls","Product Image File: WhatsApp_Image_2020-10-05_at_11.06.41_AM__53739.jpg, Product Image URL: http://madrasclub.com.au/product_images/l/179/WhatsApp_Image_2020-10-05_at_11.06.41_AM__53739.jpg","Arupadai Veedu",,,New,/arupadai-veedu/,,,
187,P,GOLU192,"Ahalya Moksham",MelGoluDolls,"Golu dolls made with paper mache, clay and fibreglass directly from the manufacturer and sell with reasonable cost. Decorate this Navrathri with Unique collections of Golu Dolls available at MelGoluDolls. Purchase immediately before the stock gets sold. Happy Navrathri Shopping!",0.00,0.00,0.00,77.00,0.0000,N,,0.2500,0.0000,0.0000,0.0000,Y,Y,,N,0,0,05/10/2020,15/10/2020,"Category Name: Shop All, Category Path: Shop All|Category Name: MelGoludolls, Category Path: MelGoludolls","Product Image File: WhatsApp_Image_2020-10-05_at_11.06.41_AM_1__28003.jpg, Product Image URL: http://madrasclub.com.au/product_images/p/146/WhatsApp_Image_2020-10-05_at_11.06.41_AM_1__28003.jpg","Ahalya Moksham",,,New,/ahalya-moksham/,,,
188,P,GOLU193,"Jatayu Moksham",MelGoluDolls,"Golu dolls made with paper mache, clay and fibreglass directly from the manufacturer and sell with reasonable cost. Decorate this Navrathri with Unique collections of Golu Dolls available at MelGoluDolls. Purchase immediately before the stock gets sold. Happy Navrathri Shopping!",0.00,0.00,0.00,88.00,0.0000,N,,0.1500,0.0000,0.0000,0.0000,Y,Y,,N,0,0,05/10/2020,15/10/2020,"Category Name: Shop All, Category Path: Shop All|Category Name: MelGoludolls, Category Path: MelGoludolls","Product Image File: WhatsApp_Image_2020-10-05_at_11.06.41_AM_3__73311.jpg, Product Image URL: http://madrasclub.com.au/product_images/x/091/WhatsApp_Image_2020-10-05_at_11.06.41_AM_3__73311.jpg","Jatayu Moksham",,,New,/jatayu-moksham/,,,
189,P,GOLU194,"Ramar Pattabhishekam",MelGoluDolls,"Golu dolls made with paper mache, clay and fibreglass directly from the manufacturer and sell with reasonable cost. Decorate this Navrathri with Unique collections of Golu Dolls available at MelGoluDolls. Purchase immediately before the stock gets sold. Happy Navrathri Shopping!",0.00,0.00,0.00,132.00,0.0000,N,,0.2500,0.0000,0.0000,0.0000,Y,Y,,Y,0,0,05/10/2020,17/10/2020,"Category Name: Shop All, Category Path: Shop All|Category Name: MelGoludolls, Category Path: MelGoludolls","Product Image File: WhatsApp_Image_2020-10-05_at_11.06.41_AM_4__90149.jpg, Product Image URL: http://madrasclub.com.au/product_images/n/573/WhatsApp_Image_2020-10-05_at_11.06.41_AM_4__90149.jpg|Product Image File: Soldout__34807.jpg, Product Image URL: http://madrasclub.com.au/product_images/l/174/Soldout__34807.jpg","Ramar Pattabhishekam",,,New,/ramar-pattabhishekam/,,,
190,P,GOLU195,"Ashokavanam Sita",MelGoluDolls,"Golu dolls made with paper mache, clay and fibreglass directly from the manufacturer and sell with reasonable cost. Decorate this Navrathri with Unique collections of Golu Dolls available at MelGoluDolls. Purchase immediately before the stock gets sold. Happy Navrathri Shopping!",0.00,0.00,0.00,88.00,0.0000,N,,0.1500,0.0000,0.0000,0.0000,Y,Y,,N,0,0,05/10/2020,15/10/2020,"Category Name: Shop All, Category Path: Shop All|Category Name: MelGoludolls, Category Path: MelGoludolls","Product Image File: WhatsApp_Image_2020-10-05_at_11.06.41_AM_2__08352.jpg, Product Image URL: http://madrasclub.com.au/product_images/z/248/WhatsApp_Image_2020-10-05_at_11.06.41_AM_2__08352.jpg","Ashokavanam Sita",,,New,/sita-in-ashok-vatika/,,,
193,P,GIFT-101,"Rangoli design 2",MelGoluDolls,"Make your navrathri 2020 a special one by gifting these unique handmade items. Happy Navrathri!!",12.80,0.00,12.80,12.80,0.0000,N,,0.0200,0.0000,0.0000,0.0000,Y,Y,,N,0,0,07/10/2020,19/10/2020,"Category Name: Shop All, Category Path: Shop All|Category Name: MelGoludolls, Category Path: MelGoludolls|Category Name: Gift Items, Category Path: Gift Items","Product Image File: WhatsApp_Image_2020-10-05_at_9.27.44_PM_1__90752.jpg, Product Image URL: http://madrasclub.com.au/product_images/j/758/WhatsApp_Image_2020-10-05_at_9.27.44_PM_1__90752.jpg","Rangoli design 2",,,New,/rangoli-design-1/,,,
194,P,GIFT-102,"Rangoli design 3",MelGoluDolls,"Unique handmade gift items for Navrathri 2020! Happy Navrathri!",0.00,0.00,0.00,12.80,0.0000,N,,0.0200,0.0000,0.0000,0.0000,Y,Y,,N,0,0,07/10/2020,19/10/2020,"Category Name: Gift Items, Category Path: Gift Items","Product Image File: WhatsApp_Image_2020-10-05_at_9.27.45_PM__53610.jpg, Product Image URL: http://madrasclub.com.au/product_images/h/509/WhatsApp_Image_2020-10-05_at_9.27.45_PM__53610.jpg","Rangoli design 3",,,New,/rangoli-design-3/,,,
195,P,GIFT-103,"Rangoli design 4",MelGoluDolls,"Unique handmade gift items for Navrathri 2020! Happy Navrathri!",0.00,0.00,0.00,12.80,0.0000,N,,0.0200,0.0000,0.0000,0.0000,Y,Y,,N,0,0,07/10/2020,19/10/2020,"Category Name: Gift Items, Category Path: Gift Items","Product Image File: WhatsApp_Image_2020-10-05_at_9.27.45_PM_1__97827.jpg, Product Image URL: http://madrasclub.com.au/product_images/d/559/WhatsApp_Image_2020-10-05_at_9.27.45_PM_1__97827.jpg","Rangoli design 4",,,New,/rangoli-design-4/,,,
196,P,GIFT-104,"Rangoli design 5",MelGoluDolls,"Unique handmade gift items for Navrathri 2020! Happy Navrathri!",0.00,0.00,0.00,12.80,0.0000,N,,0.0200,0.0000,0.0000,0.0000,Y,Y,,N,0,0,07/10/2020,19/10/2020,"Category Name: Gift Items, Category Path: Gift Items","Product Image File: WhatsApp_Image_2020-10-05_at_9.27.45_PM_2__64511.jpg, Product Image URL: http://madrasclub.com.au/product_images/f/852/WhatsApp_Image_2020-10-05_at_9.27.45_PM_2__64511.jpg","Rangoli design 5",,,New,/rangoli-design-5/,,,
197,P,GIFT-105,"Rangoli design 6",MelGoluDolls,"Unique handmade gift items for Navrathri 2020! Happy Navrathri!",0.00,0.00,0.00,14.40,0.0000,N,,0.0200,0.0000,0.0000,0.0000,Y,Y,,N,0,0,07/10/2020,19/10/2020,"Category Name: Gift Items, Category Path: Gift Items","Product Image File: WhatsApp_Image_2020-10-05_at_9.27.46_PM__93619.jpg, Product Image URL: http://madrasclub.com.au/product_images/r/173/WhatsApp_Image_2020-10-05_at_9.27.46_PM__93619.jpg","Rangoli design 6",,,New,/rangoli-design-6/,,,
198,P,GIFT-106,"Rangoli design 7",MelGoluDolls,"Unique handmade gift items for Navrathri 2020! Happy Navrathri!",0.00,0.00,0.00,14.40,0.0000,N,,0.0200,0.0000,0.0000,0.0000,Y,Y,,N,0,0,07/10/2020,19/10/2020,"Category Name: Gift Items, Category Path: Gift Items","Product Image File: WhatsApp_Image_2020-10-05_at_9.27.46_PM_1__34521.jpg, Product Image URL: http://madrasclub.com.au/product_images/f/084/WhatsApp_Image_2020-10-05_at_9.27.46_PM_1__34521.jpg","Rangoli design 7",,,New,/rangoli-design-7/,,,
199,P,GIFT-107,"Rangoli design 8",MelGoluDolls,"Unique handmade gift items for Navrathri 2020! Happy Navrathri!",0.00,0.00,0.00,15.20,0.0000,N,,0.0200,0.0000,0.0000,0.0000,Y,Y,,N,0,0,07/10/2020,19/10/2020,"Category Name: Gift Items, Category Path: Gift Items","Product Image File: WhatsApp_Image_2020-10-05_at_9.27.46_PM_2__41202.jpg, Product Image URL: http://madrasclub.com.au/product_images/d/965/WhatsApp_Image_2020-10-05_at_9.27.46_PM_2__41202.jpg","Rangoli design 8",,,New,/rangoli-design-8/,,,
200,P,GIFT-108,"Rangoli design 9",MelGoluDolls,"Unique handmade gift items for Navrathri 2020! Happy Navrathri!",0.00,0.00,0.00,15.20,0.0000,N,,0.0200,0.0000,0.0000,0.0000,Y,Y,,N,0,0,07/10/2020,19/10/2020,"Category Name: Gift Items, Category Path: Gift Items","Product Image File: WhatsApp_Image_2020-10-05_at_9.27.47_PM__36081.jpg, Product Image URL: http://madrasclub.com.au/product_images/z/699/WhatsApp_Image_2020-10-05_at_9.27.47_PM__36081.jpg","Rangoli design 9",,,New,/rangoli-design-9/,,,
201,P,GIFT-109,"Rangoli design 10",MelGoluDolls,"Unique handmade gift items for Navrathri 2020! Happy Navrathri!",0.00,0.00,0.00,15.20,0.0000,N,,0.0200,0.0000,0.0000,0.0000,Y,Y,,N,0,0,07/10/2020,19/10/2020,"Category Name: Gift Items, Category Path: Gift Items","Product Image File: WhatsApp_Image_2020-10-05_at_9.27.47_PM_1__46789.jpg, Product Image URL: http://madrasclub.com.au/product_images/w/971/WhatsApp_Image_2020-10-05_at_9.27.47_PM_1__46789.jpg","Rangoli design 10",,,New,/rangoli-design-10/,,,
202,P,GIFT-110,"Rangoli design 11",MelGoluDolls,"Unique handmade gift items for Navrathri 2020! Happy Navrathri!",0.00,0.00,0.00,17.00,0.0000,N,,0.0200,0.0000,0.0000,0.0000,Y,Y,,N,0,0,07/10/2020,19/10/2020,"Category Name: Gift Items, Category Path: Gift Items","Product Image File: WhatsApp_Image_2020-10-05_at_9.27.47_PM_2__43095.jpg, Product Image URL: http://madrasclub.com.au/product_images/a/881/WhatsApp_Image_2020-10-05_at_9.27.47_PM_2__43095.jpg","Rangoli design 11",,,New,/rangoli-design-11/,,,
203,P,GIFT-111,"Rangoli design 12",MelGoluDolls,"Unique handmade gift items for Navrathri 2020! Happy Navrathri!",0.00,0.00,0.00,15.20,0.0000,N,,0.0200,0.0000,0.0000,0.0000,Y,Y,,N,0,0,07/10/2020,19/10/2020,"Category Name: Gift Items, Category Path: Gift Items","Product Image File: WhatsApp_Image_2020-10-05_at_9.27.47_PM_3__91961.jpg, Product Image URL: http://madrasclub.com.au/product_images/b/393/WhatsApp_Image_2020-10-05_at_9.27.47_PM_3__91961.jpg","Rangoli design 12",,,New,/rangoli-design-12/,,,
207,P,GIFT-115,"Gift Items 1",MelGoluDolls,"Unique handmade gift items for Navrathri 2020! Happy Navrathri!",0.00,0.00,0.00,5.00,0.0000,N,,0.0200,0.0000,0.0000,0.0000,Y,Y,,Y,3,0,08/10/2020,08/10/2020,"Category Name: Gift Items, Category Path: Gift Items","Product Image File: WhatsApp_Image_2020-10-08_at_1.02.25_PM_1__29756.jpg, Product Image URL: http://madrasclub.com.au/product_images/q/603/WhatsApp_Image_2020-10-08_at_1.02.25_PM_1__29756.jpg","Gift Items 1",,,New,/gift-items-1-1/,,,
208,P,GIFT-116,"Gift Items 2",MelGoluDolls,"Unique handmade gift items for Navrathri 2020! Happy Navrathri!",0.00,0.00,0.00,5.00,0.0000,N,,0.0200,0.0000,0.0000,0.0000,Y,Y,,N,0,0,08/10/2020,14/10/2020,"Category Name: Gift Items, Category Path: Gift Items","Product Image File: WhatsApp_Image_2020-10-08_at_1.02.26_PM__39952.jpg, Product Image URL: http://madrasclub.com.au/product_images/o/757/WhatsApp_Image_2020-10-08_at_1.02.26_PM__39952.jpg","Gift Items 2",,,New,/gift-items-2-1/,,,
209,P,GIFT-117,"Gift Items 3",MelGoluDolls,"Unique handmade gift items for Navrathri 2020! Happy Navrathri!",0.00,0.00,0.00,5.00,0.0000,N,,0.0200,0.0000,0.0000,0.0000,Y,Y,,N,0,0,08/10/2020,08/10/2020,"Category Name: Gift Items, Category Path: Gift Items","Product Image File: WhatsApp_Image_2020-10-08_at_1.02.26_PM_1__92476.jpg, Product Image URL: http://madrasclub.com.au/product_images/a/171/WhatsApp_Image_2020-10-08_at_1.02.26_PM_1__92476.jpg","Gift Items 3",,,New,/gift-items-3/,,,
210,P,GIFT-118,"Gift Items 4",MelGoluDolls,"Unique handmade gift items for Navrathri 2020! Happy Navrathri!",0.00,0.00,0.00,5.00,0.0000,N,,0.0200,0.0000,0.0000,0.0000,Y,Y,,N,0,0,08/10/2020,08/10/2020,"Category Name: Gift Items, Category Path: Gift Items","Product Image File: WhatsApp_Image_2020-10-08_at_1.02.27_PM__51393.jpg, Product Image URL: http://madrasclub.com.au/product_images/v/337/WhatsApp_Image_2020-10-08_at_1.02.27_PM__51393.jpg","Gift Items 4",,,New,/gift-items-4/,,,
211,P,GIFT-119,"Gift Items 5",MelGoluDolls,"Unique handmade gift items for Navrathri 2020! Happy Navrathri!",0.00,0.00,0.00,5.00,0.0000,N,,0.0200,0.0000,0.0000,0.0000,Y,Y,,N,0,0,08/10/2020,08/10/2020,"Category Name: Gift Items, Category Path: Gift Items","Product Image File: WhatsApp_Image_2020-10-08_at_1.02.28_PM__99548.jpg, Product Image URL: http://madrasclub.com.au/product_images/u/735/WhatsApp_Image_2020-10-08_at_1.02.28_PM__99548.jpg","Gift Items 5",,,New,/gift-items-5/,,,
212,P,GIFT-120,"Gift Items 6",MelGoluDolls,"Unique handmade gift items for Navrathri 2020! Happy Navrathri!",0.00,0.00,0.00,5.00,0.0000,N,,0.0200,0.0000,0.0000,0.0000,Y,Y,,N,0,0,08/10/2020,08/10/2020,"Category Name: Gift Items, Category Path: Gift Items","Product Image File: WhatsApp_Image_2020-10-08_at_1.02.28_PM_1__68015.jpg, Product Image URL: http://madrasclub.com.au/product_images/u/615/WhatsApp_Image_2020-10-08_at_1.02.28_PM_1__68015.jpg","Gift Items 6",,,New,/gift-items-6/,,,
213,P,GIFT-121,"Gift Items 7",MelGoluDolls,"Unique handmade gift items for Navrathri 2020! Happy Navrathri!",0.00,0.00,0.00,8.00,0.0000,N,,0.0200,0.0000,0.0000,0.0000,Y,Y,,N,0,0,08/10/2020,08/10/2020,"Category Name: Gift Items, Category Path: Gift Items","Product Image File: WhatsApp_Image_2020-10-08_at_1.02.29_PM__38800.jpg, Product Image URL: http://madrasclub.com.au/product_images/s/995/WhatsApp_Image_2020-10-08_at_1.02.29_PM__38800.jpg","Gift Items 7",,,New,/gift-items-7/,,,
214,P,GIFT-122,"Gift Items 8",MelGoluDolls,"Unique handmade gift items for Navrathri 2020! Happy Navrathri!",0.00,0.00,0.00,8.00,0.0000,N,,0.0200,0.0000,0.0000,0.0000,Y,Y,,N,0,0,08/10/2020,08/10/2020,"Category Name: Gift Items, Category Path: Gift Items","Product Image File: WhatsApp_Image_2020-10-08_at_1.02.29_PM_1__62564.jpg, Product Image URL: http://madrasclub.com.au/product_images/y/892/WhatsApp_Image_2020-10-08_at_1.02.29_PM_1__62564.jpg","Gift Items 8",,,New,/gift-items-8/,,,
215,P,GIFT-123,"Gift Items 9",MelGoluDolls,"Unique handmade gift items for Navrathri 2020! Happy Navrathri!",0.00,0.00,0.00,10.00,0.0000,N,,0.0200,0.0000,0.0000,0.0000,Y,Y,,N,0,0,08/10/2020,08/10/2020,"Category Name: Gift Items, Category Path: Gift Items","Product Image File: WhatsApp_Image_2020-10-08_at_1.02.30_PM__52244.jpg, Product Image URL: http://madrasclub.com.au/product_images/w/511/WhatsApp_Image_2020-10-08_at_1.02.30_PM__52244.jpg","Gift Items 9",,,New,/gift-items-9/,,,
216,P,GIFT-124,"Gift Items 10",MelGoluDolls,"Unique handmade gift items for Navrathri 2020! Happy Navrathri!",0.00,0.00,0.00,17.00,0.0000,N,,0.0200,0.0000,0.0000,0.0000,Y,Y,,N,0,0,08/10/2020,08/10/2020,"Category Name: Gift Items, Category Path: Gift Items","Product Image File: WhatsApp_Image_2020-10-08_at_1.02.31_PM__00097.jpg, Product Image URL: http://madrasclub.com.au/product_images/e/402/WhatsApp_Image_2020-10-08_at_1.02.31_PM__00097.jpg","Gift Items 10",,,New,/gift-items-10/,,,
217,P,GIFT-125,"Gift Items 11",MelGoluDolls,"Unique handmade gift items for Navrathri 2020! Happy Navrathri!",0.00,0.00,0.00,5.00,0.0000,N,,0.0200,0.0000,0.0000,0.0000,Y,Y,,N,0,0,08/10/2020,08/10/2020,"Category Name: Gift Items, Category Path: Gift Items","Product Image File: WhatsApp_Image_2020-10-08_at_1.02.31_PM_1__78903.jpg, Product Image URL: http://madrasclub.com.au/product_images/j/189/WhatsApp_Image_2020-10-08_at_1.02.31_PM_1__78903.jpg","Gift Items 11",,,New,/gift-items-11/,,,
218,P,GIFT-126,"Gift Items 12",MelGoluDolls,"Unique handmade gift items for Navrathri 2020! Happy Navrathri!",0.00,0.00,0.00,5.00,0.0000,N,,0.0200,0.0000,0.0000,0.0000,Y,Y,,N,0,0,08/10/2020,08/10/2020,"Category Name: Gift Items, Category Path: Gift Items","Product Image File: WhatsApp_Image_2020-10-08_at_1.02.32_PM__25765.jpg, Product Image URL: http://madrasclub.com.au/product_images/o/515/WhatsApp_Image_2020-10-08_at_1.02.32_PM__25765.jpg","Gift Items 12",,,New,/gift-items-12/,,,
219,P,GIFT-127,"Gift Items 13",MelGoluDolls,"Unique handmade gift items for Navrathri 2020! Happy Navrathri!",0.00,0.00,0.00,5.00,0.0000,N,,0.0200,0.0000,0.0000,0.0000,Y,Y,,N,0,0,08/10/2020,08/10/2020,"Category Name: Gift Items, Category Path: Gift Items","Product Image File: WhatsApp_Image_2020-10-08_at_1.02.33_PM_1__23916.jpg, Product Image URL: http://madrasclub.com.au/product_images/l/124/WhatsApp_Image_2020-10-08_at_1.02.33_PM_1__23916.jpg","Gift Items 13",,,New,/gift-items-13/,,,
220,P,GIFT-128,"Gift Items 14",MelGoluDolls,"Unique handmade gift items for Navrathri 2020! Happy Navrathri!",0.00,0.00,0.00,5.00,0.0000,N,,0.0200,0.0000,0.0000,0.0000,Y,Y,,N,0,0,08/10/2020,08/10/2020,"Category Name: Gift Items, Category Path: Gift Items","Product Image File: WhatsApp_Image_2020-10-08_at_1.02.34_PM__17141.jpg, Product Image URL: http://madrasclub.com.au/product_images/u/037/WhatsApp_Image_2020-10-08_at_1.02.34_PM__17141.jpg","Gift Items 14",,,New,/gift-items-14/,,,
221,P,GIFT-129,"Gift Items 15",MelGoluDolls,"Unique handmade gift items for Navrathri 2020! Happy Navrathri!",0.00,0.00,0.00,5.00,0.0000,N,,0.0200,0.0000,0.0000,0.0000,Y,Y,,N,0,0,08/10/2020,08/10/2020,"Category Name: Gift Items, Category Path: Gift Items","Product Image File: WhatsApp_Image_2020-10-08_at_1.02.36_PM__63916.jpg, Product Image URL: http://madrasclub.com.au/product_images/y/691/WhatsApp_Image_2020-10-08_at_1.02.36_PM__63916.jpg","Gift Items 15",,,New,/gift-items-15/,,,
222,P,GIFT-130,"Gift Items 16",MelGoluDolls,"Unique handmade gift items for Navrathri 2020! Happy Navrathri!",0.00,0.00,0.00,10.00,0.0000,N,,0.0200,0.0000,0.0000,0.0000,Y,Y,,N,0,0,08/10/2020,08/10/2020,"Category Name: Gift Items, Category Path: Gift Items","Product Image File: WhatsApp_Image_2020-10-08_at_1.02.37_PM__26907.jpg, Product Image URL: http://madrasclub.com.au/product_images/q/628/WhatsApp_Image_2020-10-08_at_1.02.37_PM__26907.jpg","Gift Items 16",,,New,/gift-items-16/,,,
223,P,GIFT-131,"Gift Items 17",MelGoluDolls,"Unique handmade gift items for Navrathri 2020! Happy Navrathri!",0.00,0.00,0.00,10.00,0.0000,N,,0.0200,0.0000,0.0000,0.0000,Y,Y,,N,0,0,08/10/2020,08/10/2020,"Category Name: Gift Items, Category Path: Gift Items","Product Image File: WhatsApp_Image_2020-10-07_at_11.44.54_PM__06019.jpg, Product Image URL: http://madrasclub.com.au/product_images/z/532/WhatsApp_Image_2020-10-07_at_11.44.54_PM__06019.jpg","Gift Items 17",,,New,/gift-items-17/,,,
224,P,GIFT-132,"Gift Items 18",MelGoluDolls,"Unique handmade gift items for Navrathri 2020! Happy Navrathri!",0.00,0.00,0.00,14.50,0.0000,N,,0.0200,0.0000,0.0000,0.0000,Y,Y,,N,0,0,08/10/2020,08/10/2020,"Category Name: Gift Items, Category Path: Gift Items","Product Image File: WhatsApp_Image_2020-10-08_at_1.02.25_PM__70913.jpg, Product Image URL: http://madrasclub.com.au/product_images/c/490/WhatsApp_Image_2020-10-08_at_1.02.25_PM__70913.jpg","Gift Items 18",,,New,/gift-items-18/,,,
225,P,GIFT-133,"Gift Items 19",MelGoluDolls,"Unique handmade gift items for Navrathri 2020! Happy Navrathri!",0.00,0.00,0.00,17.00,0.0000,N,,0.0200,0.0000,0.0000,0.0000,Y,Y,,N,0,0,08/10/2020,08/10/2020,"Category Name: Gift Items, Category Path: Gift Items","Product Image File: WhatsApp_Image_2020-10-08_at_1.02.24_PM__99183.jpg, Product Image URL: http://madrasclub.com.au/product_images/c/292/WhatsApp_Image_2020-10-08_at_1.02.24_PM__99183.jpg","Gift Items 19",,,New,/gift-items-19/,,,
226,P,GIFT-134,"Gift Items 20",MelGoluDolls,"Unique handmade gift items for Navrathri 2020! Happy Navrathri!",0.00,0.00,0.00,17.00,0.0000,N,,0.0200,0.0000,0.0000,0.0000,Y,Y,,N,0,0,08/10/2020,08/10/2020,"Category Name: Gift Items, Category Path: Gift Items","Product Image File: WhatsApp_Image_2020-10-08_at_1.02.23_PM__02878.jpg, Product Image URL: http://madrasclub.com.au/product_images/f/036/WhatsApp_Image_2020-10-08_at_1.02.23_PM__02878.jpg","Gift Items 20",,,New,/gift-items-20/,,,
227,P,GIFT-135,"Gift Items 21",MelGoluDolls,"Unique handmade gift items for Navrathri 2020! Happy Navrathri!",0.00,0.00,0.00,15.00,0.0000,N,,0.0200,0.0000,0.0000,0.0000,Y,Y,,N,0,0,08/10/2020,08/10/2020,"Category Name: Gift Items, Category Path: Gift Items","Product Image File: WhatsApp_Image_2020-10-08_at_1.02.22_PM__32576.jpg, Product Image URL: http://madrasclub.com.au/product_images/v/033/WhatsApp_Image_2020-10-08_at_1.02.22_PM__32576.jpg","Gift Items 21",,,New,/gift-items-21/,,,
228,P,GIFT-136,"Gift Items 22",MelGoluDolls,"Unique handmade gift items for Navrathri 2020! Happy Navrathri!",0.00,0.00,0.00,15.00,0.0000,N,,0.0200,0.0000,0.0000,0.0000,Y,Y,,N,0,0,08/10/2020,14/10/2020,"Category Name: Gift Items, Category Path: Gift Items","Product Image File: WhatsApp_Image_2020-10-08_at_1.02.21_PM_1__70464.jpg, Product Image URL: http://madrasclub.com.au/product_images/z/090/WhatsApp_Image_2020-10-08_at_1.02.21_PM_1__70464.jpg","Gift Items 22",,,New,/gift-items-22/,,,
229,P,GIFT-137,"Gift Items 23",MelGoluDolls,"Unique handmade gift items for Navrathri 2020! Happy Navrathri!",0.00,0.00,0.00,17.00,0.0000,N,,0.0200,0.0000,0.0000,0.0000,Y,Y,,N,0,0,08/10/2020,14/10/2020,"Category Name: Gift Items, Category Path: Gift Items","Product Image File: WhatsApp_Image_2020-10-08_at_1.02.20_PM__43120.jpg, Product Image URL: http://madrasclub.com.au/product_images/f/810/WhatsApp_Image_2020-10-08_at_1.02.20_PM__43120.jpg","Gift Items 23",,,New,/gift-items-23/,,,
230,P,GIFT-138,"Gift Items 24",MelGoluDolls,"Unique handmade gift items for Navrathri 2020! Happy Navrathri!",0.00,0.00,0.00,17.00,0.0000,N,,0.0200,0.0000,0.0000,0.0000,Y,Y,,N,0,0,08/10/2020,14/10/2020,"Category Name: Gift Items, Category Path: Gift Items","Product Image File: WhatsApp_Image_2020-10-08_at_1.02.18_PM__49706.jpg, Product Image URL: http://madrasclub.com.au/product_images/q/667/WhatsApp_Image_2020-10-08_at_1.02.18_PM__49706.jpg","Gift Items 24",,,New,/gift-items-24/,,,
231,P,GIFT-139,"Gift Items 25",MelGoluDolls,"Unique handmade gift items for Navrathri 2020! Happy Navrathri!",0.00,0.00,0.00,1.50,0.0000,N,,0.0200,0.0000,0.0000,0.0000,Y,Y,,N,0,0,08/10/2020,19/10/2020,"Category Name: Gift Items, Category Path: Gift Items","Product Image File: WhatsApp_Image_2020-10-08_at_3.57.42_PM__74902.jpg, Product Image URL: http://madrasclub.com.au/product_images/q/658/WhatsApp_Image_2020-10-08_at_3.57.42_PM__74902.jpg|Product Image File: WhatsApp_Image_2020-10-08_at_3.57.43_PM__87841.jpg, Product Image URL: http://madrasclub.com.au/product_images/s/904/WhatsApp_Image_2020-10-08_at_3.57.43_PM__87841.jpg|Product Image File: WhatsApp_Image_2020-10-08_at_3.57.42_PM_1__43937.jpg, Product Image URL: http://madrasclub.com.au/product_images/k/498/WhatsApp_Image_2020-10-08_at_3.57.42_PM_1__43937.jpg","Gift Items 25",,,New,/gift-items-25/,,,
233,P,GIFT-112,"Gift Pouch 1",MelGoluDolls,"Fancy gift bags with with other articles Mirror, Glass Bangles-4, Kumkum ,Manjal, Comb",0.00,0.00,0.00,2.50,0.0000,N,,0.0100,0.0000,0.0000,0.0000,Y,Y,,Y,9,0,14/10/2020,19/10/2020,"Category Name: Shop All, Category Path: Shop All|Category Name: MelGoludolls, Category Path: MelGoludolls|Category Name: Gift Items, Category Path: Gift Items","Product Image File: WhatsApp_Image_2020-10-09_at_7.45.26_PM_1__46705.jpg, Product Image URL: http://madrasclub.com.au/product_images/i/839/WhatsApp_Image_2020-10-09_at_7.45.26_PM_1__46705.jpg","Gift Pouch 1",,,New,/gift-pouch-1/,,,
234,P,GIFT-113,"Gift Pouch 2",MelGoluDolls,"Fancy gift bags with with other articles Mirror, Glass Bangles-4, Kumkum ,Manjal, Comb",0.00,0.00,0.00,2.50,0.0000,N,,0.0200,0.0000,0.0000,0.0000,Y,Y,,Y,10,0,14/10/2020,19/10/2020,"Category Name: Shop All, Category Path: Shop All|Category Name: MelGoludolls, Category Path: MelGoludolls|Category Name: Gift Items, Category Path: Gift Items","Product Image File: WhatsApp_Image_2020-10-09_at_7.45.26_PM__89042.jpg, Product Image URL: http://madrasclub.com.au/product_images/j/050/WhatsApp_Image_2020-10-09_at_7.45.26_PM__89042.jpg","Gift Pouch 2",,,New,/gift-pouch-2/,,,
235,P,GIFT-114,"Gift Pouch 3",MelGoluDolls,"Fancy gift bags with with other articles Mirror, Glass Bangles-4, Kumkum ,Manjal, Comb",0.00,0.00,0.00,2.50,0.0000,N,,0.0200,0.0000,0.0000,0.0000,Y,Y,,Y,6,0,14/10/2020,19/10/2020,"Category Name: Shop All, Category Path: Shop All|Category Name: MelGoludolls, Category Path: MelGoludolls|Category Name: Gift Items, Category Path: Gift Items","Product Image File: WhatsApp_Image_2020-10-09_at_7.45.25_PM_2__72906.jpg, Product Image URL: http://madrasclub.com.au/product_images/a/988/WhatsApp_Image_2020-10-09_at_7.45.25_PM_2__72906.jpg|Product Image File: WhatsApp_Image_2020-10-09_at_7.45.25_PM__77360.jpg, Product Image URL: http://madrasclub.com.au/product_images/d/327/WhatsApp_Image_2020-10-09_at_7.45.25_PM__77360.jpg","Gift Pouch 3",,,New,/gift-pouch-3/,,,
236,P,GIFT-140,"Gift Pouch 4",MelGoluDolls,"Fancy gift bags with with other articles Mirror, Glass Bangles-4, Kumkum ,Manjal, Comb",0.00,0.00,0.00,2.50,0.0000,N,,0.0200,0.0000,0.0000,0.0000,Y,Y,,Y,6,0,14/10/2020,19/10/2020,"Category Name: Shop All, Category Path: Shop All|Category Name: MelGoludolls, Category Path: MelGoludolls|Category Name: Gift Items, Category Path: Gift Items","Product Image File: WhatsApp_Image_2020-10-09_at_7.45.25_PM_1__05680.jpg, Product Image URL: http://madrasclub.com.au/product_images/d/472/WhatsApp_Image_2020-10-09_at_7.45.25_PM_1__05680.jpg","Gift Pouch 4",,,New,/gift-pouch-4/,,,
